<?xml version="1.0" encoding="utf-8" standalone="no"?><manifest xmlns:android="http://schemas.android.com/apk/res/android" package="obfuscapk.demo" platformBuildVersionCode="1" platformBuildVersionName="1.0">
    <uses-permission android:name="android.permission.ACCESS_NETWORK_STATE"/>
    <uses-permission android:name="android.permission.ACCESS_COARSE_LOCATION"/>
    <uses-permission android:name="android.permission.INTERNET"/>
    <uses-permission android:name="android.permission.VIBRATE"/>
    <uses-feature android:name="android.hardware.location"/>
    <application android:allowBackup="true" android:debuggable="true" android:icon="@mipmap/ic_launcher" android:label="@string/app_name" android:roundIcon="@mipmap/ic_launcher_round" android:supportsRtl="true" android:theme="@style/AppTheme">
        <activity android:name="obfuscapk.demo.MainActivity">
            <intent-filter>
                <action android:name="android.intent.action.MAIN"/>
                <category android:name="android.intent.category.LAUNCHER"/>
            </intent-filter>
        </activity>
        <meta-data android:name="android.support.VERSION" android:value="26.1.0"/>
        <meta-data android:name="android.arch.lifecycle.VERSION" android:value="27.0.0-SNAPSHOT"/>
    </application>
</manifest>
